SKU,ASIN
033674147948,B000I4C02O
42,B00BQHUZWO
16,B074N9YLVJ
033984031111,B00020IALE
67787,B002QMB57C
787651760117,B01C8BR84O
033674020609,B00024D19Q
033674153536,B0009ET9VI
033674158647,B009NTEYLK
850026260113,B005Q4WP0S
850232005027,B07G3PXTKT
033674151440,B00138YEZK
13,B0016AXN7A
015794024750,B000LVFRZQ
024182181456,B000LKV23S
033674141625,B001E14KSC
033674148006,B075RRN4MD
033674148006,B001E10JKU
043182002042,B0BJ5XP4MH
043182002073,B00AF7XMYY
043182002080,B0047YYY98
043182002097,B001HTJ2ES
043182008549,B001HTMXYE
043182008730,B005EX6N2M
043182008907,B000F4GPP0
073416000148,B07MWDVCCX
073416000148,B08F4T24F7
073416000155,B07MHY2HDX
073416000421,B08F4W2WYW
073416000452,B01BP6E12A
073416000452,B00NFJOHAM
073416000452,B0BYBFZ69L
073416000469,B07MHY2JL3
073416000476,B00NFJOCMK
073416000483,B07MFBNWP7
073416004306,B000G82L62
073416020054,B07STXGJ1W
073416040229,B004729E2W
073416401525,B000QV54Y0
073416509603,B00CPOAUZE
073416509702,B00CPOAUWM
073416555600,B07MSB3V43
073416575103,B09ZKB385S
185814000269,B005GTUPWS
706195004204,B0006ZWUUM
767963073259,B003AYEHIE
835003003433,B0045NRG7I
835003007363,B0046HIC76
844197014538,B004OJPR1A
844197020478,B00GU78NJW
850403000035,B00XN00RES
850403000035,B00KQ27XJS
850403000035,B005GXGL04
850403000042,B00KQ190E0
850403000073,B00KQ18WTE
851492002245,B0186WLLUG
855232007125,B0C8JZSPNC
863699000177,B01CEU842O
039978002365,B091Q9HZPR
039978002365,B074CQ6QFY
039978002365,B0121EEILY
039978533005,B001KUUNY2
039978533005,B091D2TTTF
042608459248,B00QI6VL6C
084253222150,B014CZNH30
626232120332,B001CPJD6E
810013080315,B0BC2B2NKW
829262000111,B00N7K8PO8
829262000128,B07NVZFK6Z
829262000142,B000ZGW714
829262000173,B07Q2DK3BH
829262000197,B01GDVEFWS
829262000197,B07NVZ94KG
829262000272,B07NVZ5CPL
829262000340,B01FSWSGEG
829262000340,B07Q2DFCYR
829262000357,B01FSW0G7Q
829262000692,B01FWD8AOC
829262001439,B07FLP2G48
829262001712,B081P2F57Z
829262001712,B07ZTSBZGV
829262004522,B0BMF1K1PR
054402730140,B07YZQTKDJ
637480031554,B06XCT3QY4
023254667904,B07BJCWTFG
023254667959,B07BJCKPSG
051651092333,B00JQFTRQ8
051651093682,B0050IETUE
051651193849,B01FRP2BQI
058449211570,B095DGVRWB
058449410003,B005GRATSA
058449450030,B000E46GG4
058449770206,B001HTIZD2
058449770206,B07ZSDRP48
058449770213,B007HD63IG
058449770992,B001EO5SBW
058449771036,B004AHI95W
058449771036,B001ELL3DM
058449771432,B00282YCMA
058449771555,B07ZSFG9CK
058449771623,B004OW931M
058449771807,B079YZKZK2
058449777311,B07ZSDTTGQ
058449777311,B072QM714J
058449777311,B001GVIUSG
058449779001,B001EO5Z74
058449860075,B07ZSDRP47
058449870128,B001L1ASN6
058449890003,B074KK83WJ
058449890072,B07ZSF1V66
058449890379,B07ZSDZJ4N
073416000452,B08DF3D4YK
675625104039,B071RHJXVG
675625104039,B00BFJ5898
675625354014,B08S21MN8L
675625354014,B00FL6XFT6
675625355011,B08S1CD33W
675625357060,B08TKQNVJ6
675625357060,B073YB1QYJ
675625358067,B01FRQ4L1K
675625359064,B08TLG99TJ
675625371196,B09GHZ44Z1
675625373077,B0B4TRK7HH
675625373077,B08T3R213K
675625385278,B08XWRQZ93
675625385278,B0BGLLRP7K
675625390272,B08XVTNPYJ
729906510016,B01MCYJCQG
737539190499,B003PWJFXS
737539191205,B0867NWCDT
810571030043,B07D3GBKKJ
810571030050,B07D3F7X9K
810571030067,B07GSCJM7J
810571030081,B07GZW8NH5
810571030081,B07PZYSPNF
810571030159,B07GSJR11R
810571030159,B07D3FYM25
810571030531,B07PPB1QD8
810571030579,B07TDC5F9V
810571030586,B07TBBPXMQ
810571030593,B07TDBHJG7
810571030708,B0CW24682W
810571031200,B08VW5RR1R
810571031217,B08VVK1GJ2
810571031224,B08VWBT6Z6
810571031316,B08W1WV1PG
810571031323,B08W26ZCPG
810571031682,B0CW246SSC
810571031682,B0CNBBVM15
810571031682,B0CJN7X9XB
810571031699,B0BHTK4YBV
810571031705,B0CW26SWF3
811079034441,B08PD6WQLY
818423028705,B07B424YMS
818423029825,B07TQN25VS
818423029825,B07JLBZYWS
818423029832,B07T4V9BSN
850011996218,B09PC5C346
850011996737,B08DK3XC9D
850030553188,B00FBNUTHK
850030553218,B00MY4OH7W
850030553249,B09FDDFFF3
850030553256,B09FD8C16B
850030553270,B00MY4P65E
850030553270,B09FDFQD8B
850030553287,B00MY4OA6A
53180301,B07BLK36WY
79138570,B086TPW1VQ
033674102954,B01IU1X5WU
033674119259,B074N42K5B
049100401485,B09QWW9QD9
058449779001,B001EO5Z74
07660419761,B004RFF630
354973335219,B09QXYR58R
647865996002,B08QZJC8CW
647865996002,B08QZJC8CW
858158015281,B06WW8QG9N
020525107138,B07PP4NQJ5
031604014353,B001F1G6SI
031604028183,B008GC9T1K
031604028824,B00CEYD5GG
05844977205,B00R93I5NA
074312007101,B001GCU8B2
074312013805,B0046VBWK6
074312357107,B00YMSGCBW
077034013405,B096273FB8
077326470909,B07F2Q38TL
305731286731,B08YS68XG2
323900039377,B076F28GHY
602652256011,B09XPZ9DTM
631257158093,B00OMT6U4U
658010119153,B01N65M4ZB
692752121159,B009Z7UODM
737870173700,B00SJNL5E0
753950005204,B07Z8SQJCL
763948044030,B003DB5UV2
763948049066,B002SWXAFU
846675005748,B00PLIT2ZA
850232005485,B07D9WSWFR
858158005701,B01M1HYRNJ
033984019515,B001LR5ONY
679234052996,B00TDFID98
354973412415,B06XK8TKSW
790011300069,B007LEO3OW
637480003339,B0722D2V3Z
637480025539,B002NGQGUC
813277010449,B0038QQ7RS
813277010449,B00P2SHA26
854693000270,B07FFCRY1B
850005892236,B07TXLYBFV
015000074302,B0090DY2FW
767963024336,B003AYEHHK
308078254920,B0009ET51W
850687104009,B012BMUU9K
358008035501,B00016AGBQ
308079009901,B0001APXWY
033674170007,B00020HQPA
033674104002,B00068JBIS
021078011613,B0002YFN6K
00757645021418,B0052BRXDY
00846675005663,B00IO97JOE
011110019424,B07NFZ4FKX
011110096326,B07JJLMY6D
011110723871,B079JFXF2Z
011110723871,B08JCX1NYY
011110723871,B08JCWJ1M3
011110854865,B07DXQQM7J
011110862648,B07HJH3HSN
011110862686,B07HJDJMNW
012413260018,B00GSE78CK
013562302611,B003ZWPHCQ
015000044763,B077XJCGWF
015000048341,B00YB3KW5A
015000937584,B01NASIRXP
015665771455,B00S80PSV0
015665771455,B000COMPIY
015794016106,B0011KY9ZK
015794024866,B00117ZTOS
015794034957,B077C7CCTK
015794055310,B00020IL1S
015794062912,B004OMCZNK
015794062929,B01DA52W2U
015794080152,B00J0JK0Z2
015839008257,B000QSO6CE
016000437784,B00H59WQ42
016000437784,B00EDPMY84
016185128996,B0BB2CLDNQ
016185130784,B086ZH8L51
016500079095,B000GG6CZA
016500541189,B07BSLC1K3
016500541370,B00TDEVYZ4
016500545897,B01H44YYYW
016500545897,B0CPN9D15R
016500545897,B00OZ8Y4AK
016500554356,B00BV47LQA
016500556152,B00I97GQWM
016500558170,B00I97GQV8
016500560104,B00L45KR1C
016500561644,B01BODRSI8
016500568704,B01HDIV4EW
016500581512,B07P4HDNMB
016500595656,B09QB76YB8
016500596479,B09QB7GXX4
018627703570,B008L3GJGC
018787500767,B00XZ10NX0
018787771327,B001B0TLYE
018787771327,B001ET72C0
018787775080,B005ZFWIC8
018787776322,B00JF2IEVQ
018787778326,B00JF2I934
018787784051,B0001TSIVI
020065200047,B002LMDKRU
020065600052,B00016X172
020525110190,B00UFWXMJO
020525181671,B07CVZZPCL
020525183675,B007S50LLI
020525901255,B00GM02744
020525950697,B01ANSLIFY
020525950697,B01ANSLIFY
020525953308,B06XT3TZBV
020525956033,B075JCN716
020525974136,B06XG11TQ4
020525980939,B06XT3KCR2
020525993946,B06XT2JGLZ
020662000378,B000FK9CFE
021078000228,B0014YZHG8
021078000556,B000GFSUZ6
021078000679,B000GFPCRU
021078001720,B000I0NFRM
021078002062,B004CE1O5A
021078002321,B000RP9EOG
021078002697,B0054RS8XA
021078002697,B000GFSV5A
021078004127,B001B4OTCE
021078009597,B0015HSQ30
021078011002,B004DML2XK
021078011941,B000GFHPLG
021078013822,B0019LXGPK
021078014966,B00ED3Z1OA
021078016199,B000GFHPOI
021078017257,B0014H3A8M
021078018803,B000GFJK3W
021078018858,B000GFJK96
021078019268,B000GFJJHY
021078020851,B0014GWBN8
021078021322,B0014H1K48
021078022763,B00EEEGDE0
021078024736,B00B46BWJC
021078028024,B07VYS1B38
021245805144,B00020HWMW
021888109524,B001HCHWNI
021888109722,B000EE8036
021888109746,B01MG6FV38
021888109746,B001G6TQIE
021888109760,B00NMPI6GU
021888109920,B000EE803G
021888120536,B001QUUGFC
021888120628,B00L9JJANY
021888121212,B004LLD6BE
021888121212,B00G5E5BI6
021888121410,B006U7C7T4
021888201648,B0B7JW3HGC
021888201747,B08HJT81SQ
021888203123,B01HDPQWVU
021888204069,B0BHBL38XC
021888204236,B0BGYCHGMR
021888217052,B07G312V2K
021888217151,B07G2SHS4B
021888217243,B07F5HZDNZ
021888217250,B07FYJKY2G
021888351428,B0018KYBE2
021888600069,B001HCDTCG
021888781614,B07CTDZ3V4
021888800018,B00NNZSA1A
021888800018,B0033ZFIGA
021888800117,B0033ZHIJU
022506165052,B000ZMEWNO
022506316928,B000QV3HP8
022506421752,B000QV6TDK
022929428017,B005TY1D3U
023923236004,B07PLTXXP4
023923325111,B07KP9SBW1
023923330115,B004N5C7FE
024182000627,B005TY1QE6
024182000849,B0BJK31T94
024182000849,B07BYSJMW5
024182000894,B0BJK26S7X
024182000900,B0CB631968
024182002126,B00IX4UDKW
024182011043,B0CD61KVVS
024182021677,B0C4KT2SSQ
024182111149,B000WCZJM0
024182111149,B005GTTJBQ
024182111149,B000LKYU5A
024182111156,B000HDMUPI
024182111514,B0BJJZH4LX
024182133608,B001ELL274
024182157697,B00AEJWAPA
024182181333,B000LKYUAU
024182181562,B000LKYU9G
024182210576,B0000SWRFS
024182300130,B0BJJY2YPT
026664220066,B002L3JP50
027434010337,B000SASLQW
027917019192,B07D7FNKMP
027917019208,B071DYQLCN
027917019505,B0759VZK45
027917022703,B00YMSINN2
027917260051,B08WBNP49W
030768031206,B0011UV2OG
030768033040,B0013L5GA4
030768134389,B001G8Y920
030768533007,B00HEY14FK
030768534912,B00HFKBIFE
030768535032,B0C7X49SPC
030768553883,B00SGMRYVW
030768553883,B07CZ5TRT1
031604000196,B09RQYBD38
031604000820,B09SRJMWRJ
031604001001,B09SR4CBMD
031604001025,B09SRJV7X7
031604001032,B09SQWMX24
031604001261,B08XXK56KP
031604001711,B0B8Q83NV6
031604002527,B0CBVZ9B2G
031604002572,B0BX7HNY35
031604002589,B0BX7HP6FB
031604002671,B0BX7FJ2KW
031604010201,B0000DJANS
031604010928,B010RRUHSU
031604012694,B07KMJDGPN
031604012908,B00EZWU20W
031604013585,B0029O0BWW
031604014353,B001F1G6SI
031604014995,B08P5RW2VL
031604014995,B003OKVVNI
031604016371,B01IA96CAO
031604016371,B01IA96FB0
031604016500,B001G7QTVU
031604017170,B01IAIC9VG
031604017965,B001G7QU50
031604018702,B001G7QLG8
031604018818,B000S4DYX8
031604024376,B01N5EUH04
031604025762,B010RS161Q
031604025762,B0C415NNPS
031604025762,B0C3TP6L9W
031604025854,B00BTLIK60
031604026165,B00347ACIG
031604026592,B0046XC528
031604026738,B0CD43PWVD
031604026745,B00H30KDSY
031604026745,B01IAIE7BG
031604026752,B004GJRFYA
031604026752,B00G4EOS86
031604026776,B004U3Y8OM
031604026820,B004GJVD5W
031604027315,B00G4EIHOM
031604027346,B005D0DTVE
031604027490,B00TDFHHIG
031604027667,B010RS65TY
031604027780,B008GC9T6A
031604027797,B008GCB8LE
031604028374,B008I2I2WU
031604028374,B00EZWS9GQ
031604028442,B010RS7WMI
031604028862,B00CBXSO4I
031604028862,B010RS9EKQ
031604029173,B010RSAP04
031604029173,B00DS5BG52
031604029180,B00DS5BGAC
031604029203,B00CEYD72I
031604029531,B00H34BOCE
031604030254,B07BWM6S2F
031604031015,B08FNLJ2D7
031604031947,B07XVZ1JFR
031604032678,B08FNKSPD2
031604032715,B08FNQ1S7M
031604040468,B001G0MA60
031604041328,B010RSE8PC
031604041700,B08XXJVWD5
031604041748,B00ZQ3I5RQ
031604042080,B08XXNH8J7
031604042110,B071WV345T
031604042127,B0756ZKZ27
031604042462,B08XXN95XM
031604042776,B01LDDAI54
031604042967,B0714CYKXR
031604043001,B08XXLT75V
031604043148,B08XXM7NQ8
031604043506,B09RQZHPFQ
031604043780,B09SQZTN31
032917000095,B00576440Y
032917000170,B001FCV77C
032917000170,B0009F3PQM
032917000521,B001U2XKPO
032917000545,B0BVRRJD8C
032917001597,B0BVP96CL1
032917002198,B0C31BMNK6
033674001424,B0016J0RDE
033674003206,B0009ET9XG
033674007006,B0009ET9XQ
033674009000,B00014ED12
033674069585,B0009EXLR6
033674100066,B00CE4OAIS
033674100080,B00FBO051O
033674100097,B00CMJMZPK
033674100110,B00EQXK4HQ
033674100813,B00P6ZGMJW
033674100813,B00TJ15UVU
033674102558,B00I0VPZA6
033674104835,B00RKOIAI8
033674105009,B000KHMYR0
033674106730,B071Y8DDYP
033674107003,B001E0T7D6
033674108956,B0181U4TOI
033674113004,B000F4WQDU
033674115084,B00014G25W
033674115343,B073HF7211
033674115374,B073H8DK2J
033674117729,B0747B7X2Z
033674119266,B074N99XL1
033674119730,B0768NH5L9
033674121085,B00024D1HS
033674121146,B077JZL4F8
033674122853,B07C9K1DJ6
033674123034,B07BGLNF87
033674123508,B000I48PIC
033674125007,B001E12BO2
033674127001,B00125UB7Y
033674128084,B00020HR1I
033674129005,B00068PNHQ
033674129005,B001E0YR7M
033674130001,B00125VPZ6
033674130001,B006JG5WCA
033674132944,B085V5L8VM
033674133002,B000QUMRYQ
033674133101,B085SN6YP7
033674133132,B087LJXSYX
033674133712,B089HGNQNZ
033674137017,B08RT3NLGZ
033674137161,B095QCYMHS
033674137185,B08NZTF6T8
033674137512,B095ZS637C
033674138007,B00125Z3GI
033674139417,B09NQN5TT3
033674139509,B09K9KHM4Z
033674139813,B09QV9Y63K
033674139837,B09QV5LYZX
033674139851,B09QTXS5MZ
033674139905,B09QVFLMRN
033674140406,B09NS789X7
033674140413,B00016AICS
033674140666,B09TQ129RR
033674140673,B09VCKVVR2
033674140697,B09VCKJDS4
033674141595,B00016AHQK
033674141915,B00016AH4W
033674142103,B0B69YQC8Z
033674142615,B0B99HJGPZ
033674142622,B0BB4HPNS4
033674142806,B000I48LLS
033674145364,B000EPYGGA
033674145371,B0002SL00Y
033674146002,B001E139IY
033674147177,B0009ETA6M
033674148105,B00016WSDK
033674148501,B08LLR7L9D
033674148501,B00014IGXS
033674149263,B003B3OOL4
033674149270,B003B3OOLO
033674149317,B0009F3RNS
033674150214,B000WSUPJG
033674150245,B000FL9EAG
033674150900,B00CQ815EO
033674150924,B00028Q6OO
033674151358,B0009EXLD0
033674151433,B008OXSWN2
033674151495,B000VZCSGS
033674151594,B00MC6D2VY
033674151594,B00H4HTR88
033674151617,B005P0WIM8
033674151617,B001E0YG8C
033674152515,B00185THBY
033674152515,B00029F4SM
033674152522,B0009F3RQA
033674152522,B001E15B30
033674152737,B00068R2X4
033674152737,B005ZMI0J6
033674152898,B01MDSCZY2
033674153116,B00TDFDO1A
033674153345,B0033ZLV2A
033674153383,B0002PU5N0
033674153406,B00029F4ZK
033674153505,B01ID87210
033674153512,B000Z94QII
033674153529,B0002I25IU
033674153819,B0002I6Q30
033674153956,B0019I8NXS
033674154137,B000AR8PW8
033674154915,B000FL43U2
033674154953,B001R1X436
033674154953,B001JH7WUO
033674156018,B00166BC2M
03367415604,B0030GOZE8
033674157701,B000O3GCSW
033674157916,B00185OHAK
033674157916,B000JF3F1M
033674157930,B004GWCEW0
033674157947,B000YMMQDS
033674157947,B00J75KM0W
033674158173,B005XO0NGO
033674158197,B009K1WSLE
033674158197,B007TYY2JA
033674158197,B009JUW8FM
033674158388,B007RMK3RY
033674158395,B007RMK3II
033674158586,B0090PQNG6
033674158951,B00BDC2QGU
033674168004,B001F0R59S
033674172001,B001E107IE
033674177082,B00S7JCCA2
033674401101,B00015XC1I
033674404607,B00024CRC8
033674405116,B0001VTZ86
033674405116,B002LM3SJ0
033674405215,B003B3OOR8
033674410714,B000WSTVEQ
033674412107,B000QUO0D2
033674414118,B07T4CWNZP
033674471104,B00128PHMK
033674491119,B00024D20Y
033674601655,B004GWEESC
033674601921,B003QCTMG2
033674605103,B000OCPO7S
033674619001,B00016AI8M
033674620007,B00NGPPJDO
033674624005,B000RG6A92
033674631003,B00196UJB4
033674637005,B001E0SM32
033674640005,B000PG8SY4
033674641002,B000CPI8TS
033674793008,B000F4Y926
033674793206,B00028PZG4
033984000186,B000Z8VMLI
033984000254,B0051ACNF4
033984000278,B000Z92KTA
033984000278,B0051AM8ZO
033984000278,B0051AMA1G
033984000292,B00014D34A
033984001022,B00014FBTU
033984001411,B0051H9FT4
033984001428,B00014EGXM
033984002005,B00020IB1S
033984002807,B000Z8WY42
033984002807,B000Z8WY42
033984002807,B0051P1ZEE
033984002807,B0051P1YM2
033984002807,B00D3HUMDC
033984003156,B001BAFBSO
033984003163,B00014DS6I
033984004009,B00172J7CW
033984004078,B001BCMUB8
033984004085,B000EORHXK
033984004085,B0051PW1OM
033984005167,B00020IC2G
033984005198,B0051VA3M8
033984005211,B004X2M0IQ
033984006409,B00H4HH10E
033984006560,B08J1GGBDL
033984006805,B0052FM3NA
033984007017,B000GJQEWI
033984007208,B00020ICBW
033984007208,B01M11I624
033984008014,B01M0PW3RK
033984008304,B000URVCRI
033984008304,B0052MYAHK
033984008502,B00014EBPA
033984008502,B0052N40BU
033984008670,B00020IC4Y
033984009141,B0019I6LDW
033984009202,B0053CXNT0
033984009219,B00020IBAE
033984009547,B000CEQR42
033984009554,B000Z92P2C
033984009554,B01LWU1276
033984009554,B0053TE49Q
033984009752,B0037RZ238
033984010352,B000Z8WW5I
033984010352,B00021A0TS
033984010390,B0054R6EGS
033984010819,B00013A04W
033984011229,B00020IB2W
033984011618,B000NGRAVI
033984011618,B07GY16SMW
033984011663,B00S9Y4KAA
033984011823,B000VYX9IA
033984011830,B08XZ5WGTV
033984012493,B06XYVV5CW
033984012721,B00331RPJW
033984013162,B000Z93BH0
033984013162,B00D3HXM9S
033984013179,B0028H5XBO
033984013186,B0019K7VKM
033984014176,B00AJNCGGE
033984014503,B0001LJ482
033984014534,B000Z94138
033984014596,B00028OBIW
033984015005,B00020IC94
033984016019,B00020IBWC
033984017207,B000Z8YGGG
033984017214,B00020ICAI
033984017368,B008LFC41E
033984017542,B000RZQO1C
033984019454,B001LR2RVQ
033984019591,B001LR047U
033984020313,B000GJQGOE
033984020320,B000Z8WWX0
033984020580,B00MDNDBSK
033984021716,B07W7QM2XW
033984022102,B00020IDEI
033984023130,B008HKF0VY
033984023154,B005P0WGNE
033984023154,B00S9YFI8I
033984023253,B000Z8ZYL2
033984023819,B00020IBKE
033984024007,B00020IBKY
033984024311,B0001VW3AI
033984025578,B0011FT69O
033984027022,B00020IA6E
033984028203,B000VZ1D6Y
033984031203,B00020IALO
033984031807,B00014E9W0
033984032200,B00020IAOQ
033984032309,B00020IAPA
033984032613,B0011FUSGY
033984032804,B00020IBF4
033984033160,B001AT0Q40
033984033191,B00DG2YR8U
033984035218,B07F5LDQNT
033984035225,B00013Z074
033984037205,B00H7K59KM
033984039155,B00020IERE
033984040236,B00020IEWE
033984041387,B000WMWYAK
033984041615,B000Z8X8VU
033984303201,B09BP65T97
033984303331,B09L5D1M2G
033984303768,B09SBR5493
033984303959,B09TBNQCBG
033984310452,B003JNLP18
033984314054,B00H4HRAUA
033984358720,B00514BJO6
033984504974,B0748PF7SG
033984512993,B009KYOT04
033984512993,B009PWTVG8
033984523920,B009P6BI60
033984549562,B00MDN42GA
035000967237,B082VKYPW1
035000967657,B07PB1111J
035000968494,B09L3CJCPH
035000968500,B082VLK1RF
035000978622,B082VKJXNZ
035000978660,B084K4F4ZV
035000984265,B08MGR2NSG
035000991300,B08W8WMPFK
035000993021,B094RPB6HC
035046074210,B0053PIG12
037000740797,B0CF2NF5KN
037247020218,B08J9WQLYL
039442000422,B0C6B1JRVK
039442000422,B000GOT54C
039442030146,B017UW6TAU
039442033338,B0BXZ91QTS
039442039408,B088V9PQRF
039978003645,B00JE0M2OY
039978034533,B08Z6L8G3H
039978034533,B08Z6L8G3H
039978041555,B07BRXFVH4
039978054531,B07FWBQB3W
039978113023,B07XF8XBYL
039978116055,B088HF6V2N
039978116055,B088HGY69N
041100566560,B07CPJYRPW
041100808103,B0043X210M
041570068274,B002H062IK
041570089767,B005FPDENK
041954000098,B0053OB61A
041954179725,B00HNPVT28
041954896837,B07FTQZPXK
041954974634,B07FTQBGLX
042272005918,B005JEVP1U
042272006267,B00J1NNTTQ
042563009069,B00CQ7XNAY
042608470717,B0B8N4G52B
044600015941,B01IAIPZXK
047868523494,B0964D5RQC
049100400266,B00Z2LOKS0
049100400389,B01C8BR7XG
049100400761,B07PHVLPL9
049100401201,B08DKQV6H1
049100401249,B08WYXZ7PH
049100401485,B0C4BK6BWB
049100401492,B085GGWFM1
051381882617,B002Q4UC0G
051381911928,B00016WURY
051494104712,B09TWQLRX4
052200200186,B09JY8YB3N
052534300019,B000GAP9FK
053232900556,B002J0RG2O
054986002534,B001E0QSE2
055840403962,B0BZ1CKHVL
055840403962,B0BZ1KLMRS
055840403962,B0BZ17M1ZZ
058449192046,B07GTPQBCP
058449771852,B00NVKRJ96
058449771982,B01H4LEZZ8
058449777656,B001EO607I
058449860020,B001KZ2T12
066676290121,B00822Z3UU
070074407180,B00OOK1MMC
070177051143,B000F4F95C
070177067779,B005763LJ4
070177069261,B00IDXQULO
070907079010,B0013V866A
070907079010,B01IAI3JV0
070907079010,B01IAI3NM0
070907254158,B079JTGC5V
071012041053,B001KUULIK
071012075232,B01FRP2ABO
071012080069,B001HTN31Q
071012081028,B001HTL44O
071146008250,B09YKCDD75
072140003043,B00AYSBR96
072140636081,B00127U7OE
072248710164,B081PFK3VC
072248710188,B081PFTXHJ
072310421622,B08Y3TFLVJ
072457331174,B004AHDAPQ
072457331198,B001SAZC2W
073416000483,B00NFJOCQG
073416553002,B07KMHY83M
074305060021,B00IX4WUTY
074306800206,B0019LZ0AE
074306800220,B005XLR8AG
074312006401,B000GG6F7U
074312006401,B00IG0RY8C
074312006401,B0C41RCH2Y
074312008092,B08KHZQTML
074312008474,B09L8MKVVC
074312008559,B08Z2H6PH7
074312017995,B001GCU826
074312020605,B0C483BBJK
074312028717,B00E4MOG50
074312028717,B00IG0U290
074312039256,B074N9PY1Q
074312039256,B00KOCQH74
074312042331,B008HTVC3K
074312042331,B0BMVJGPM8
074312042331,B0012D38G2
074312042904,B002BXAMJS
074312042904,B002BXAMJS
074312043635,B002Y27JRE
074312047503,B001TSBSLM
074312047503,B00E4MQJY6
074312047503,B001G7QWJ4
074312047503,B00IG0PRY0
074312055355,B009QH06UC
074312073731,B000GH0PFM
074312073731,B01M4QYYTR
074312079016,B0119F5USQ
074312131684,B0014D2GEK
074312137945,B000KOKFBK
074312150616,B0029SBR8K
074312365515,B000GG6ETE
074312589126,B00VX14VF0
074312593871,B0192TOWXA
074312793400,B002Q1CGAS
074333374992,B005763J3C
074333474289,B005GX89ZY
074333474319,B0054S5Q9S
074333474340,B000EVNWSM
076280046762,B07K1KDR6F
076280047721,B00020I0XM
076280048001,B0001LVVUG
076280048001,B0002JHSSQ
076280048025,B0002JHPYI
076280082524,B000Z91XB6
076280082524,B07K1HFKXV
076280083613,B0043ODS1M
076314302130,B00NNOV1US
076314303199,B0721LJ2RX
076630169622,B01DWI1U7S
076630169660,B000OP6VY0
076630169813,B000MMV80M
076630169844,B0716N1BM4
076630169868,B00A2EWJ9O
076630169868,B06XK63PN9
076630169868,B000OP1J9C
076630170505,B000MMYIXG
076630503051,B00028OSSU
076950203280,B01IDS8YLC
076950203280,B01IRRVN1W
076950450080,B001U2N47I
076950450172,B002LN6M0Q
076950450363,B00QH3E6KO
076950450578,B000CMF196
077234543146,B0798K5W29
077326457832,B075YYXJ96
077326457832,B08S8QVT3L
077326460160,B0041YHVBW
077326468388,B07MRWWV65
077326472477,B07PPV6W6F
077326472477,B07P6LR5RR
077326472477,B07P6LR5RR
077326612255,B001FB5O9A
077326613252,B00J5K2SEC
077326614259,B00HA8BQ0I
077326614259,B001FB5O7M
077326830727,B004I775CM
077326830727,B004M99CDG
077326830727,B001EJOPUC
077326831083,B01M4J61A1
077326832929,B07P7L25PD
077326835623,B07JKD1Z7W
077326980309,B00MUEDQP0
078522015000,B000YDYWNE
078522015000,B077NQ46GJ
078522015109,B000FGDIRQ
078522015109,B00J7G0I8M
078522015109,B010DRM5KW
078522015109,B010DRM8R2
078522015109,B000YE433C
078522015253,B001T8MTWO
078522015253,B001FB5HAG
078522015307,B000FGDIRG
078522015307,B00J7G0HLA
078522015406,B000FGAG4Y
078522015406,B00110IV90
078522046172,B0938FP2PP
081738363278,B000KHKKT4
083000161629,B002LN3QIM
083502112372,B009MED6CE
084114032409,B004AY610A
084114123572,B00CNHJP4K
087052888824,B005ZF09QK
087614029375,B07F2P4LFB
088395016325,B003BVIB7E
088395017162,B01JP463IE
088395023811,B003BVIC8M
088395031014,B06XS124HV
088395041327,B001LF39KQ
088395041327,B00CDX1326
088395052026,B001LF39JM
088395172007,B06XT1C1ZG
088395172205,B06XT418Q9
089094022495,B00EHZA4O6
089094025052,B07F43RM55
089094025519,B07Q33FMT7
089836003430,B09FM237TZ
089836007810,B0001M0Z5M
089836009685,B000UY86BQ
089836010216,B00028OHI6
089836025210,B000UYIR10
089836027306,B082Q13FTB
089836027306,B082PZ2239
089836027726,B000WS15YK
089836186058,B005GX6S02
089836186089,B005ZHP6XO
089836187635,B07BRT2GCL
089836230812,B001VNDRKK
091639010218,B001E12VQK
091639906597,B07ZY8MZNF
091639906597,B001E0SK8E
091639906597,B00PO6CTNQ
092389252019,B09TCYGCWY
093709600220,B00503DOWS
093966310832,B08C64VQWS
097467024816,B07MG7CKWV
097467300026,B0038M7LL8
097467305830,B0011FWJT8
097467305991,B0001VU7AG
097467307070,B079Y8CD1C
097467307193,B003TLP232
097467307223,B00F5R00NK
097467307322,B06XDSLKKP
097467307414,B00OHUVJR2
097467308411,B000JS2WPE
097467459557,B06XF6FDR2
10846675010695,B003KYIWTY
10846675010701,B005LTHR7O
10846675010718,B077PLKLQ5
10846675012491,B08D1N1D7C
13277015307,B07DY6N3TZ
182741000867,B00CQ7XPN4
183405000087,B0012619B0
183405043565,B075M14JZW
183405043831,B09B2LYHGF
193908002211,B089L67BMY
193908005168,B09KMWCX72
193908005168,B0BG8NTZWD
20745158500005,B00K77RA68
300318793404,B08H6FVPJ9
300658040831,B0010Z4U0K
300658040831,B00RR2B77O
300658040831,B000E91OA2
305731284249,B09BK9X9YQ
305731289329,B08WXTLLLW
305731369014,B0BS1VDLZC
305731369151,B0BPPX6LRS
305731378061,B0000VLX1E
305734755715,B00LEHDLJU
305735556199,B001G7QT7Y
305735567645,B001IY03L8
306969049426,B001IXYC9I
308078033983,B00073GBYY
308078033983,B00028MX2I
308078127989,B000168DQQ
308078250908,B0000530VQ
308078250977,B0009ET50I
308078253978,B00016QU6G
308079002933,B0006NYHJG
308079006931,B0007DGLYE
310158259732,B0BYJ5MVTW
310158259749,B08QTDTVFB
310539029282,B0015G89SS
310539029299,B08LK4NWJD
310539029299,B005HYY05K
310539029305,B0015G4XD8
310539029305,B0062W3NTA
310539029343,B0015G3IYS
354022107514,B00014DJOY
354022109815,B000NYG7JG
354973309319,B002YXUPGK
354973309319,B002ZVDFJA
354973316218,B00DOZ0YR2
354973335219,B07LCZ9GMQ
354973412415,B00URY7UL6
356163305200,B002LN0ZOK
358008035013,B001E0Y8E4
359800023215,B0013OUEW6
363824510675,B07YX4QXQ4
364031300103,B002LMD3J0
367703135065,B00CKWX1DE
371401388166,B00MG32U34
371401394167,B0013NB6LU
371401894162,B001JSDEJQ
371401923169,B07CHBCNVD
376630181533,B00ZGWVDDU
4001638098595,B00A3M1TIW
5425018610044,B0019LT6BS
601944778910,B088JTBLLP
602652171208,B00QT7WD5I
602652171505,B07WW8ZMDS
602652171819,B07PR1WMCZ
602652171826,B0083OKZGY
602652171901,B07PPXNHJT
602652171901,B07PPXNHJT
602652184031,B078GK557L
602652199820,B019EGM8G4
602652199837,B019EGM8UA
602652256004,B09XPHSFDK
602652260858,B07C5WH4WN
602652260865,B07C5TBXM9
602652268199,B09XQ5FZW6
602652270871,B07RW7RV4K
602652276927,B0877PCZGL
602652419294,B079X7R9Y6
602652429637,B09ZJ4X2BJ
602652432651,B07HYWHGV6
603573150754,B0002ZH83A
603573413347,B004IF506C
615828889647,B004GWA6R0
627987249620,B084D8BSTN
628240201737,B01JGIP5PQ
631257120632,B07QLV97YN
631257120984,B0042L1S1S
631257120984,B00E0NDTP6
631257121004,B08CBY2FH5
631257121011,B00MFTH0FM
631257121080,B001LIW11Q
631257122353,B0B7ZNVL44
631257154071,B0045VQSLK
631257156730,B06XDBFPSV
631257355553,B0015R9DD2
631257534699,B0015R3L5S
631257624505,B00014D1QK
631656603118,B007VN4HKI
631740010129,B0041V9Z3W
631740010129,B0047QILQS
631740010129,B004FT0N6I
631740010129,B00DRI9Z1M
631740010129,B012OLX18K
631740010129,B0041YS5LC
631740010129,B0049J459A
631740010143,B0041YUMLI
631740050545,B06XSXVT8T
633422030333,B002WIVHKU
633422051017,B00H4I5ZH4
633422051628,B0062AL9Y8
633422165073,B0062ALBAU
633422261621,B07B9ZNDCR
633422452517,B09FPZHKHH
633422477718,B07WF1VWTG
637480003155,B0CD14NCZY
637480003230,B0CCZW14NT
637480003339,B0722D2V3Z
637480025027,B000S81ZH6
637480025027,B001GAOHJS
637480071505,B00HZ1CHTY
637480075053,B0012J75RY
637480081467,B08L6W4KCZ
645951101811,B00X2Y0Y4I
645951480817,B006MMOVOQ
647865903826,B08V5F1RP9
647865904045,B08VK14ZYL
647865995579,B07RCNY34B
647865995746,B08V47C934
647865996019,B08V5DXLH2
657546800535,B09R6FX8LH
658010111119,B000JKXVW0
658010111171,B000GWG7YA
658010111287,B000GWG7X6
658010111317,B00015YSHU
658010111393,B01BHMPAAY
658010111485,B000GWG7V8
658010111591,B00U8I1S4G
658010111591,B00R1OJO2S
658010112024,B000GWKA2A
658010112352,B000GWG8FS
658010112369,B00H4HI9IC
658010112369,B000GWKAHK
658010112635,B00UKTHQP8
658010112857,B0010WD32Y
658010112888,B0010W8XUG
658010112949,B000KNG9CU
658010112987,B0015PRDPY
658010112987,B00719N2W6
658010113359,B0010WAZU2
658010113366,B004EBZRPO
658010113670,B00B272H4M
658010113670,B00N558D8I
658010113694,B00280M14S
658010113779,B00280M134
658010113809,B07PGKC9JR
658010113816,B005L82U0E
658010113861,B00280M11G
658010113878,B00280M0ZS
658010113908,B00PGCIID8
658010113922,B0032EZOAM
658010114011,B002IS4GYI
658010114028,B0046CMBK0
658010114028,B00N5588JW
658010114035,B07PGKCXBB
658010114103,B002HEAPZC
658010114196,B00323NW5C
658010114202,B00323XJ8W
658010114226,B0031JK91W
658010114493,B004F55L82
658010115506,B004F55L8M
658010115612,B004H2QWDQ
658010115636,B004H2YASK
658010115650,B004H9J53S
658010115667,B004H6PIRS
658010115711,B004H2T314
658010115926,B005JAT54S
658010116060,B00CPQG2YU
658010116503,B0098U0SQO
658010116510,B0098U0REC
658010116633,B00ASZ2QNQ
658010116640,B00AR0ENJ2
658010116664,B00AR0FREW
658010116800,B00DQ5SV6G
658010117098,B00F633RL0
658010117654,B00K5NEKVC
658010117685,B00K5NELPW
658010117692,B00K5NELJS
658010117708,B00K5NELM0
658010117708,B00K5NELM0
658010117753,B00K5NEORM
658010117814,B00WS2MOKC
658010118309,B010M948H4
658010118422,B010M9DT9C
658010118590,B073V4SHHG
658010118712,B01ABWFMT0
658010119061,B01N9D5NB6
658010119085,B01N9D72PJ
658010119092,B01N499N05
658010119146,B01N547Q1K
658010119153,B01N65M4ZB
658010119177,B01N547GGL
658010120043,B01LVYJK6U
658010120081,B01LQELSN6
658010120289,B06XSDP7RX
658010120319,B06XSFHTD2
658010120654,B01N5AZ70H
658010121194,B074JLL5KS
658010121231,B074JKZXLB
658010121279,B07719P2XN
658010121781,B07G75LJ8S
658010122153,B076ZQV5WT
658010122207,B076ZP49DS
658010122788,B079D3KDDD
658010122801,B079D3X1Z3
658010122894,B07G2FHVJL
658010122931,B07D4SC1SG
658010122986,B07D4QS42Y
658010123075,B07G7JY454
658010123204,B07G7MRZT6
658010123341,B07CZ5ZDFT
658010124478,B07K4RF361
658010124584,B07K4T3ZB4
658010124614,B086B42C2C
658010125215,B07TLZZK9Q
658010125239,B07TLZZFQM
658010125277,B07TP6FDGV
658010127103,B0813JVLFS
658010127165,B0813JNV5Q
658010129510,B098R6LZ89
658010129565,B098R8RT62
658010129589,B098R6M8JD
658010130530,B098R8PSRN
658010130547,B098R75VDW
658010131407,B09TG358X5
658010131773,B09TG3F546
658010131797,B09QLQGWX1
658010131797,B0B14DCJYF
658010132695,B0BHM7278D
658010133326,B0C15PLMLH
658010133340,B0C259FYJ4
659670004025,B0007A2G2I
659670010088,B000Q4CEWW
659670031021,B0011865NQ
659670180606,B00117YTPS
660726265048,B013CX980Y
665553228372,B07PGJD253
666183613750,B004RE1MRU
675625385278,B08DDZ7MQZ
677294991033,B099J3YJD8
677294991033,B099J537FP
677294993020,B0BHFDRTFZ
687456213057,B01H4LEYIQ
687735626226,B00DLNTYXW
687735626271,B00DLNU2G0
687735626370,B00DLNTV8A
687735630124,B004885RQC
689191512013,B001E0XT94
689191512013,B07GX7Q6KM
691535207028,B0098IYDQW
692752000102,B001EQ5IOW
692752000317,B000VUL8KA
692752100123,B00MHTGGD2
692752100123,B001JU81ZG
692752103117,B009AH7OU8
692752103520,B00EEEGJSU
692752103667,B00JJ1E83G
692752103667,B00D60RUP4
692752105364,B00AQFGL3O
692752105371,B00MY2YZQC
692752106200,B00NFJPK5S
692752106767,B07D5FHL5W
692752108846,B074CFZ2RN
692752108846,B06Y4SZ3DZ
692752108907,B06Y4GY1VD
692752109263,B07B94NN28
692752109263,B07B94NN28
692752109478,B07CW2V84C
692752113703,B09HJQ4617
692752113826,B09TRRBBRK
692752200014,B001E10ZZ4
692752200014,B001E13I30
692752200021,B0016BO5H6
692752200038,B0016BO5EY
692752200052,B004EAGP74
692752200052,B003QDRJXY
692752223297,B0059HN0JW
692752311147,B003V7XNRQ
692752311147,B004T80BYE
693465425114,B002ATPALI
693465455111,B008BUID0A
697658202032,B01LZA40YR
697658691034,B00W52939K
697658692222,B07PHPZDNC
697658692239,B07PKW4F58
701619100159,B00024CM1E
701619102016,B000A7MFZQ
704142000439,B07DCB7Z76
704959147204,B004EK8VKI
705016331505,B005GHHLH2
705016331529,B00XQF7NG0
705875100267,B001EH9WLQ
705875600231,B009CWAGQ0
706195000411,B00C0TED9I
706195000459,B00016XCE4
706195000916,B00016XCEO
706195001081,B000209JN2
706195004235,B003FF1HIG
706195004624,B00E3BYFPS
707359103818,B006ERPIH8
707359118119,B003PRMI64
707359128118,B003PQT6P6
707359129337,B0083UT9FG
707359131408,B003B6N2ZA
707359131446,B00HK1F6BK
707359131729,B003PQPEDE
707359149366,B014IRBQ1W
708118020155,B0002BB5LK
708163972058,B000V1FHO2
711381309094,B00BKTQ9TG
711381325520,B0848Z6LDV
713947524613,B089CBQ9FJ
716270001516,B005P0XWIM
716270001516,B00ICI5EOE
716270001530,B005GXGG22
716270015063,B0BGLBVBCK
716514229270,B01760L1MW
717256000615,B001197QFQ
718334220536,B0B4F6PXPC
718334220536,B001CA74TC
718334322230,B01BOWO7VA
720379504762,B0798B2QXT
722252187949,B07P8BBTDZ
722252203106,B0000CEO81
722252203106,B000S7ZWMG
722252271013,B007D6DVPA
722252271013,B013C0DTD4
722252387240,B07KK3PDY9
722252387240,B0764MWGFD
722252438225,B097WBW888
722325006016,B01B1X1LZM
724742005597,B000Q93VKQ
726511253604,B00537BDR4
727783003164,B018OSDOJ8
727783003164,B003S7JLEI
727783003645,B00FBPEVIG
727783003676,B007A1XG5I
727783006295,B0015R6MBS
727783050052,B002FU6IAY
727783900654,B0009F3RSS
727783900739,B014GSWCYS
727783900746,B014GSWD9W
727783900975,B01JAAVCYS
727783901484,B07FJC5356
727783901965,B076PMDPP1
727783902597,B07XZW83TH
727783903518,B09F82RP62
727783903570,B09GPVLRWT
727783903594,B09GPW2KSJ
727783903655,B0B25QPGG2
727783903778,B0BP84MB35
727783903808,B0BD956P4K
728060801008,B00BINWVMI
728229014799,B00SHCB4YO
728997210003,B0061VX1MG
728997260015,B072BYC1PC
728997500098,B00MFPZJZ4
72904000097,B09LZ7N9N2
729906510016,B00LDC73WW
732148100037,B075SHS8G4
732153024939,B09BGRVMFB
732894010017,B0039ITKRY
732913228119,B00MUE487A
732913342082,B0094RU15Y
732913342082,B00BDJTXUA
732913342082,B01IAIQG7Y
732913342082,B00RY1CMLS
732913342082,B07HDBNSJR
732913342082,B00EEGD5IU
732913342280,B009D028GC
732913342280,B01IL2F3HI
732913448821,B0839982GL
732913449057,B086F651NS
732913449064,B086F48B8B
732913449859,B0BNHXYHLL
732913451753,B0BB3CVYQ2
732913451784,B0BMJL57YY
734027905030,B000EM8EHK
734027909021,B08FC4D7FY
735546005737,B09V3JPMFB
735546330877,B07MDS8N31
736211247940,B006GVW3YS
737870155133,B00CQ5G78G
737870161714,B006P45V1S
737870166917,B00B35A394
737870170099,B009E7HV70
737870179061,B00G3BR0LM
737870193814,B01HTML2V2
737870194019,B001KSL8LQ
737870195337,B019ZFQMHK
737870454106,B000PC30FK
737870455097,B0019LRHDC
737870954101,B000MYW2ZA
737870987031,B072W8GD75
741273013952,B007QR5WYY
741273015284,B0041VLLW0
741273015420,B00CAAON3S
741273205715,B000Q6AFLC
741273206217,B000Z93VPM
741391978645,B08B7HZJ32
742392931080,B07QKBYD5C
742392931318,B0B2DDRZQD
743715006805,B005TUHMNE
743715007369,B006N8PXZ0
743715009912,B01AMAONJ6
743715020085,B06X17CPKY
744473912315,B077NHF7K9
745998406044,B003VMJ3QQ
748927021332,B000GIUQIM
748927022346,B071LNLF2C
748927024135,B07V7VJD4T
748927024159,B002DYJ0P2
748927024227,B09GTJST67
748927024241,B001N4IGW6
748927024258,B001N4F22I
748927026238,B002DYJ00C
748927026245,B002DYJ0FM
748927026245,B00C0BTMMY
748927026658,B00B8YUSN6
748927026665,B00H4HBHYA
748927026672,B00FYB5USC
748927027068,B002SG7NFY
748927027211,B002SG7NG8
748927028621,B000GIQSV6
748927028652,B085RXTP7V
748927028683,B012T9G0UI
748927028690,B000QSRO1Y
748927028706,B002LMHI0A
748927028737,B000GIUROA
748927028744,B07CTWP576
748927028867,B00IVKC1PS
748927029109,B00014WJUO
748927029727,B002DYIZM6
748927029734,B0015R39XM
748927029864,B002DYIZT4
748927051308,B013GY21I0
748927052671,B00QQA0H3S
748927052688,B00QQA0GSY
748927053012,B00QQA0H60
748927053029,B00QQA0MF6
748927053081,B00QQA0H0Q
748927054002,B0196BEXZQ
748927060133,B07LFSCY6B
748927060140,B00G4MA4B8
748927060751,B07MMQNXTK
748927060911,B07G87P36K
750856606900,B0016ASIIE
751063145282,B01FGGK0R0
751063146333,B00IRZT5TW
751063146449,B00IRZTBXC
751063149273,B01MPXTLSH
751063151283,B084H3KNGM
751063151467,B089LCQXZB
751063151481,B08C3STY7K
751063151719,B08ZB6HJX6
751063151894,B08XNDC42H
751063151924,B08ZPVJJF7
751063152006,B096D8XRYG
751063152105,B09J226S97
751063322508,B0036THN6G
751063328302,B000CGJSFK
751063378703,B000PMB7CI
751063395014,B003O1RKA0
751063398909,B00F1J7I8C
751063399302,B000PSYO9K
751063399708,B0036THLDG
751063996266,B0036THLOA
751063996662,B0036THNS4
751063996693,B00F1J8HOQ
753656718460,B09BFYCTCJ
753950000773,B00H587HNS
753950000827,B00JV1FG3U
753950000827,B00JV1BP6W
753950000827,B000NRTWLI
753950000919,B0008CCUSK
753950000919,B000NRXNT0
753950000919,B00TDFQ3N6
753950000971,B000NRXNRC
753950001336,B000NRTWKO
753950001336,B01M11P0FU
753950001367,B0035BYOSA
753950001466,B000NRXNOK
753950001572,B00NB4546M
753950001701,B004GWC46G
753950001770,B001USODRW
753950001817,B00HA786UC
753950001855,B00JW0JRAI
753950001916,B002JNIDNC
753950002203,B0036FWOJQ
753950002456,B004KQF9LA
753950002524,B004YLAXOE
753950002531,B0051M9DKU
753950002692,B006UDGRBW
753950002708,B006HW5J9C
753950002876,B00B671HJY
753950002999,B00DWDZPBG
753950002999,B00HA7NAEY
753950003118,B00GG4ESUW
753950003170,B00H3KYJLQ
753950003743,B00TB73AZK
753950004061,B017JXZPHI
753950004566,B01N1X0QF9
753950004634,B06XXFSM3P
753950005013,B07MPZFTF7
753950005181,B07WZRWGQG
753950005211,B07Z9VFYLQ
753950005693,B08MGQDZFD
756184101766,B005LOO2I6
756184101766,B005LF0R0W
757645613101,B000CR00DS
757645613552,B07MW415N3
763027701885,B07BS2Q7SN
763948011513,B0013OUEPS
763948013159,B0013OQAVU
763948017874,B0013OQCCW
763948032396,B00B1AOP8Q
763948032426,B00B8YT5EO
763948040063,B0013OUHS2
763948040353,B0013OVF9M
763948042135,B001V6O39Q
763948042500,B0013OUHDC
763948042937,B0013OOIOQ
763948042999,B000BQ8ATQ
763948043699,B002NL165W
763948043699,B007RDQ5OI
763948052295,B0013OUHUA
763948053360,B005UB1UIA
763948053360,B0009ET7E2
763948055265,B0008F5IR2
763948072064,B0009F3RDI
763948075201,B000VMVLLY
763948075201,B075R9TTVS
763948081028,B0013OSFU4
763948082391,B00020IIE8
763948084364,B000F4V2G2
763948084524,B003DI6ZSW
763948084661,B0002JIL50
763948099511,B0013OUGL0
763948099528,B004RRHA5A
763948099528,B000WSJZNI
763948102280,B00K0PUUGE
763948107469,B00ZPJZYHU
763948168439,B008OYGEPY
763948564453,B003OGGEAC
764218651248,B00FTBNK8Y
764302024163,B0C348Y5XS
765704108017,B000Q38CI8
765704110010,B006H9SQCM
766298002316,B0016J2K16
767963073051,B0015P961I
768990015113,B08967LDMX
768990015342,B0BL8NNRZF
768990016189,B009KTUGSS
768990016837,B09PCFGFDD
768990017414,B000N7G3P6
768990017483,B004NXYP5G
768990017803,B002CQU50U
768990017902,B000HDV7YS
768990017971,B004GEWJVE
768990018015,B009K8EAMC
768990018176,B004LSFKVG
768990018404,B002CQU51O
768990018602,B002CQU52I
768990018923,B01LTHMG4A
768990021527,B06XPPP4M2
768990027239,B002WTCLGI
768990027246,B004T7DYOO
768990027635,B0096M5PBW
768990027857,B0757Y3PZS
768990027901,B002CQU54Q
768990037436,B002CQU55A
768990037436,B002CQU55A
768990037900,B00TBNUQ1A
768990061004,B015RZ8GHG
768990061004,B0014FUQ1S
768990301261,B01LTHMG3Q
768990301278,B08H3H9XJD
768990301506,B003DV6CGY
768990301865,B07B4P5N3J
768990311529,B09T81PN2R
787651760056,B016KKEWHA
790011010067,B0001VKCQA
790011010067,B0016003Z0
790011020141,B0020NC04Y
790011030133,B0BT84W82J
790011030133,B0BT84W82J
790011030201,B00014DZ98
790011030249,B00G49QIV6
790011030263,B00H4GW8IK
790011030409,B01LTHNAXQ
790011030775,B08XRN9GBQ
790011037095,B09JGTQMPK
790011040026,B09MXK1WN7
790011060185,B00PZMSAP0
790011060253,B004VCOOUU
790011130062,B001F0QVJ8
790011132219,B00OGXQ2EK
790011140160,B010E1XFOC
790011140160,B08S7LQZCB
790011140160,B08S7LQZCB
790011140528,B000WSK1XQ
790011150046,B00028O4L6
790011150206,B0001VKIK0
790011150206,B0001VKIK0
790011150916,B00OGXKHB4
790011160335,B001F0R782
790011160335,B001F0R782
790011180043,B00QR8KE8M
790011180043,B00NUHHTBS
790011180050,B001GAOHMK
790011180180,B01IJR5VM2
790011190110,B001F0R7W8
790011200116,B000WSFXTI
790011200208,B002LIGRQA
790011200390,B005C99OWO
790011200406,B008OXVMBQ
790011200406,B008OXVMBQ
790011210030,B00C0BTSAK
790011210115,B0013OQGBY
790011240020,B002LIIIA8
790011290421,B001GL1VGE
790011290629,B007LEO4Y6
790011290629,B00LGZUFLW
790011350019,B0C957FRW7
792850015968,B01IAEY346
792850157996,B08TH58VTJ
792850164994,B001E6TZ4Q
792850383999,B01IAF09RK
792850648371,B09155R1RT
792850648753,B099GD1KTM
792850658028,B0BYTKWWM9
792850658042,B09ZVLGHBT
792850658295,B0BWCMWVBN
792850893764,B015Q4ME12
792850911499,B09NHT2CV8
795239800209,B001F1TQ2G
795239801107,B01JT53DEG
795239801107,B001F1U5WG
798411436166,B00NC0ZPBO
801541107612,B00J4YVA8O
801541500048,B003SPOYJ2
801541517275,B0B82H6JQG
808124114319,B0C9VBHQKK
808124121034,B005GX8YVI
808124124417,B0167JYA7Q
810003460561,B07W7378LJ
810003460561,B08LF3SVDQ
810007180540,B081S87J73
810007180540,B07T23PC8B
810021671642,B0B4T3KHFD
810021672007,B0CTX49FM8
810024400188,B089DNJ22K
810075080124,B09TNGJSHC
810087820046,B09MZT2MJQ
810087820343,B0C9G3HK76
810089954213,B09ZJZVVMQ
810094551278,B0BWLVVG26
810106610566,B0CJ3D1QNV
810127670303,B0BZJPT1B6
810165019423,B0815MRL2R
810165019423,B084D3KXQM
810165019423,B084S9YYKR
810165019638,B08TMVPB2F
810180029681,B072W5SVK3
810571031217,B08VVK1GJ2
810589031094,B08G7GVSW4
810648001372,B097F7BWBV
811660020785,B073XWQG6H
811660020808,B073XX3Y8V
811660021669,B073ZK5K2W
811762020027,B00IRO2VO4
813006013178,B006OKW78I
813006017329,B073Q4X88Z
813277010050,B01IAISRTY
813277010050,B00J2L3H3K
813277010067,B0038QQ7K0
813277010173,B004U7NQRS
813277010210,B00KLBD99C
813277010494,B0038QQ7MI
813277010494,B01IG5P1HC
813277010623,B00U5YPFZ6
813277010685,B0038QQ7SM
813277012429,B00JR3KXNA
813277012474,B00PRRV27G
813277012474,B004KY7JJM
813277013044,B00PRRV6GS
813277013822,B00K5TXUUS
813277013853,B00U602MC8
813277015185,B00K8A2E3I
813277015871,B01AY0EQDW
813424023452,B08XVF8N72
815074021871,B07JZNZ8HG
815074022830,B0B559V98L
815099021801,B09RSNK4D9
815421011258,B0954H9RMM
815421011920,B089ZLZK1C
816401025432,B08W1SP8NR
816401025616,B096D3NJ1B
817810029776,B01MUOX7PP
817911020436,B07G3SP83H
817911020450,B09NQPLN61
817911020467,B09NQQ3VZV
817911020627,B09NQP7G4P
817911020634,B09NQQX3DP
817939000038,B000EF1FU0
817939014073,B00KTC9PSM
817939014547,B00VRAM7AS
818336011764,B015WD6VWA
818512011656,B07N4PB3KX
818512013247,B06WP641NZ
818512013247,B06X19S4VK
818512014251,B07N4NDT7H
818512014251,B07N4NDT7H
818512014251,B07QCD9W67
818512015210,B01N16Q38D
818512015302,B07N4Q844V
818512015319,B07N4N4877
818512015319,B07QSCJBW9
818512015340,B09N4W23Y6
818512015357,B09N4Q7NRM
818512015357,B085LRKZBC
818512018655,B0B59YSXMV
818512018679,B0B5B1DFQQ
819005010132,B00SORXA8K
819005010170,B00SORXGGG
819005010194,B0B3ZMMF19
819005010354,B00SORY07A
819005010408,B00SORY65G
819005010477,B00SORYBK6
819005010484,B00SORYG92
819005010590,B00SORXXJG
819005011306,B00SORXDL4
819005011351,B00R1YMHMW
819005011351,B00SORY02A
819156020189,B09XBQ5YBJ
819573010442,B00A845PU8
819573013047,B01HUIPWTI
819573013221,B06XPWYWV3
819573015034,B06XPXM4BB
819573016475,B08W2D52X6
819597010213,B00IV2DOKM
819597011258,B073S4SGSK
819597012569,B07HRC5KKK
819597013382,B098TSVGJR
819597013382,B098TSVGJR
819597013788,B09ZHR675Y
819597014020,B0CMVC6D2M
819597014037,B0BXB624M5
819597014044,B0CN1T8PWV
829354102242,B07KRNJ7K4
829696002217,B019QD714Y
829835000128,B001J9LX48
829835000289,B002BHSKAC
829835000432,B003TJERZ8
829835000562,B00566HYH0
829835006397,B078H3DHQ1
829835006878,B07G4ZV21L
829835008421,B07TLZYP4T
829835011001,B00MHTDA1I
829835931002,B00112ILZM
829835933006,B00112EUPM
834266006106,B00NB400K2
834266063307,B00ARZ3O6A
835003001484,B00466Y0CS
835003005017,B0036UCKF4
835003008285,B0046HG3B8
835003009428,B0046HI9H4
835228007568,B00YM39CUK
838455000197,B000VK5Y28
838766004754,B079J9PP59
838766004839,B079J94S19
838766004853,B079HXLVM9
838766004884,B079HXM4Z8
838766004884,B079XCQYS2
838766004884,B079XCQYS2
838766006406,B00QP69ZMC
838766006420,B00QP69MXE
838766006703,B0753VYCGM
838766007533,B07F6MHDJQ
838766007618,B07F6DYHMC
838766007625,B07F6MWDX1
838766008653,B016D9IH3I
838766008660,B016D9IH42
838766009025,B005P0K67W
838766011189,B07J6YHRMQ
840093101815,B0167GZUSM
840160200397,B092LH46KV
840160200618,B0BMPX1FY1
840160200625,B092LMDC8F
840160201103,B0C54L6VMN
840160201745,B0BYTPPFCQ
840160201776,B0BYQZZTNH
840160202209,B0C5BQ47FF
840379101430,B07DDPSQDK
840379101447,B07DDR5LXW
840379102284,B097QVJX5T
840749004309,B00CFQFIG8
842234001305,B08WKPPNJT
843076001270,B08BRJFGYC
843369101823,B08SNV81XD
843536100246,B08BM2YRNY
843536100802,B09RYMK7DJ
843536105845,B092RBCJ6R
843562128870,B0C3J76KVT
843562130378,B0CMS5P192
843562130385,B0CMRWVDDS
843562130392,B0CMRVJCRB
843648042038,B0BC2D3K36
844197016860,B007ZW95E8
848998081171,B0134453XW
850000429147,B08K96RLMP
850000429147,B0941RPWC2
850000503298,B07K413HHM
850003898131,B07RTCR18W
850004462065,B07V5RJ436
850004462140,B086T5YLKL
850004462638,B08DMPKRDD
850004462676,B08LQZNF8H
850004462829,B084HD5Y35
850008525957,B0B8JR7GF4
850010613307,B089WHNQXC
850011996034,B096D8YY5K
850014634414,B08XRJX5KN
850015510618,B08DK6Y67B
850015883439,B08QX1JTD2
850015883460,B08QX35ZPT
850015892622,B091RSWT2K
850015892622,B091S4LL3D
850016813046,B09V2DJ9XX
850016813046,B093LTVY5B
850016813176,B0CCW63VQ7
850016813176,B0B76RYC4M
850017468139,B0BLTBJTBD
850017468146,B0BBMWYY2T
850017468160,B097RKPSNL
850017468160,B0BBN139MT
850017983243,B08SR6QBYJ
850017983366,B08SRC6B8Q
850017983403,B08SR8XMKK
850018471350,B087SJ5H8Q
850018471497,B08TC8J6DL
850019568585,B08YKM2C8P
850019568592,B095DBPFY6
850019568592,B095DBPFY6
850019568882,B09MVLYGCG
850026494228,B096YQGYFP
850027534701,B0BG9188XL
850027534770,B084WT5CGD
850028916032,B0C3QK6QFL
850028916087,B0C3QMHQV4
850029392064,B0B5VT2YCC
850036700005,B0B5VTJD2S
850036700425,B09NPN2QQN
850036700500,B0B46NNY2D
850201000114,B09RSJQ4ZD
850201000305,B09RSHK26M
850232005157,B00V7COK0G
850232005393,B09N47F8WJ
850232005584,B06W2KTKKF
850232005591,B06W2KTJ2Q
850232005645,B0788TRHG2
850232005652,B0788SL1J6
850403000332,B016EMSBOY
850502008970,B07GL3NLGD
850502008994,B07GKR31DH
850652000091,B0013I55X0
851469000113,B012T961I4
851469000175,B003PGCUKO
851562008030,B082M1L5KS
851562008290,B082M2R62T
851562008405,B084L1JHMV
851562008412,B08BJWRVXN
851562008641,B09SVQ11C2
851562008658,B09SVR68ZJ
851702007008,B01B51EQWA
851702007183,B07PHL5V3J
851702007268,B07PFG4799
851702007343,B07QGX9VRQ
851702007343,B0B7GD14V8
851702007510,B082T4ZRRX
851702007510,B07SZJ85VT
851702007510,B0BDVRFGB2
851702007534,B0B7G89DYC
851770003377,B00RWWOKL4
851770006026,B0785G3W29
851770007276,B07DGGJQPQ
852466006054,B01BCCAO3W
852697001491,B0030VJA7K
852878005706,B079Z2KN98
852906004053,B0C21G31CM
852933008048,B07H8M6YDK
852933008727,B07NZKSFKM
852933008734,B07P1PW76D
852978008546,B084D4YGF4
853237003838,B071L176C2
853237003838,B072BXHG6W
853522000306,B000HDJZWO
853522000313,B07GKFZ5WM
853522000382,B000HDKZKU
853522000801,B00HYSKEI4
853610003820,B07PVD5GBM
853826003584,B00975HY8U
853986008054,B08SQCS5JN
854572007215,B07D95W1FF
854693000522,B0BDZQLDJH
855089008887,B08BZVZT6K
855188003974,B00TS6W8MA
855188003981,B012H9HM9I
855232007125,B07WC2PQPL
855531002074,B09PZ8K6N6
856069005018,B07416G244
856069005025,B074184LSF
856069005032,B07418GMV5
856069005049,B015NBNP02
856069005353,B07CRKG9JF
856069005599,B0B136H29Q
856069005643,B098R3CLX1
856069005667,B0CTX68YF5
856069005667,B0CTX9ZZS2
856069005674,B098QZTHV3
856069005698,B08FNB39LW
856069005742,B0B9DQZR7Z
856293003255,B00BI77UM0
856369004759,B07ST6HP58
856416000178,B081HXD6RV
856481003005,B07HL7B6PN
856481003029,B0082H1SV8
856584004862,B0845NN18Q
856584004879,B084634C6C
856584004886,B0845XT5VQ
856645008068,B09PJ8T8Q1
856645008396,B07X1M7DLM
856762007401,B08CY4S7R1
857141004998,B008CYH7E8
857273008031,B07V2K3B5M
857334005061,B017KQXWUQ
857449008308,B07L22DMQN
857668007571,B07MC937RB
857682003863,B078YDXVJT
857682003863,B07864XX87
857727004091,B0B6QBFZR7
857777004263,B01NCIG7M4
857777004706,B07D1X79GX
857854007088,B07S38CNRJ
858087006541,B08DX5MD5L
858158005039,B014G3M6I0
858158005077,B014G3WK9U
858158005428,B01N1PWIK5
858158005695,B01LXX5Z8Q
858158005695,B08R8WFJQK
858158005831,B092CS29NR
858158015250,B07H8N5VF6
858158015663,B0767R6LVR
858631002005,B0057HAQD2
859139006618,B09K2DYQBN
859162007316,B07D7GC3JL
859220000273,B000JVCBBG
859220000273,B00FH7JSTA
859220000310,B00TR963HO
859220010081,B078GPFXHL
859220010104,B078GWRC1J
859220010128,B001MK8FHC
859220010128,B07B93SXBB
859220010142,B0721B7D5F
859220010159,B005P0JQQE
859220010159,B00OTLUVU0
859220010159,B07P8PFQD2
859220010159,B09XVKF6WQ
859220010173,B071WW57S7
859220010173,B00JR94KDS
859220010173,B0032AM8JG
859220010296,B078GS5KKH
859220010296,B0BR64ZTX6
859220010296,B07B991S4D
859220010296,B09XVNTW18
859220010388,B078B9JPLX
859447002562,B0081OE2AQ
860004946526,B08QZVC7WH
860005141999,B0C4G52QFZ
860006411824,B09NC9Q7RS
860479001584,B085GD7QFP
863699000108,B00ZY4NFLS
863699000146,B07V5BV4LB
864068000224,B00JYE3DWU
864068000279,B072JWYS65
866515000375,B07PCGSG2K
866515000375,B07Z41QM1H
871459009001,B0BBHD43HL
873024001304,B08VZ31KGG
874492003548,B083G1M9CT
875534001461,B003I4P3JS
875534001959,B00D7K1KAY
876063003155,B07LB94SPH
878941000522,B001LFGFFC
878941000546,B001EXRKRI
878941006241,B091MHK4GC
883309665176,B0B8KYGGKR
884623100787,B00LUSRWW0
884623101968,B01N2O4U6V
885524512037,B0011DMVL6
888849008148,B082WYCJPM
888849011667,B0CGQ61P6W
890146001470,B0013R2B5Q
890146001470,B07FHF1CB9
890146001470,B000M7YBQA
890146001470,B0011DHLFC
890146001494,B000M7QSC0
890146001494,B018OSVI00
890491215782,B000Z8WXBQ
891325001090,B00RBACBGS
891551000430,B0087BF6K8
894455000322,B002ATOUVY
894455000322,B00KHAGJ2Q
895352002426,B00N5ZSCCU
895352002723,B00OFBCEE0
895444001795,B074Q5SH4M
895444001795,B0888WZXV7
895444001801,B074Q6857M
895454002362,B07HJP9V58
895777000267,B005FJ5TUW
897618000023,B00IGJMHZS
898440001028,B0011MDUKS
898440001165,B0055OUOQQ
898440001424,B08Z1KYC5Q
898440001905,B0B6L48TLJ
899587003258,B07RRBM7QT
899587003258,B07RRBM7QT
899696002197,B016SCDEMY
899696002753,B004LGESBQ
899696002753,B003GWF3OW
9,B01D0JF4EO
185799257,B00XAYPTMM
21692732,B08T21XSSD
792323227,B09W6YRXMZ
850036700517,B0B26T35ZW
